<?xml version="1.0" encoding="UTF-8"?>
<!DOCTYPE mapper
        PUBLIC "-//mybatis.org/DTD Mapper 3.0//EN"
        "http://mybatis.org/dtd/mybatis-3-mapper.dtd" >
<mapper namespace="example.MyComment">
        <select id="getCommentList" resultType="Comment">
            <!--  CDATA : SQL Query 안의 특수문자가 tag로 인식되지 않도록 처리  -->
            <![CDATA[
            SELECT ID, BOARD_ID, USER_ID, MEMBER_NAME AS USER_NAME, CONTENT, CREATED_AT
            FROM BOARDCOMMENT C
            LEFT JOIN MEMBERTBL M
            ON C.USER_ID = M.MEMBER_ID
            WHERE BOARD_ID = #{boardId}
            ORDER BY ID
            ]]>
        </select>

    <select id="selectGeneratedId" resultType="int">
        SELECT ID FROM BOARDCOMMENT WHERE ROWID = (SELECT MAX(ROWID) FROM BOARDCOMMENT)
    </select>

    <insert id="insert" parameterType="Comment">
        <!-- 🔹 INSERT 전에 SEQ 값을 가져와서 사용 (BEFORE) -->
        INSERT INTO BOARDCOMMENT (BOARD_ID, USER_ID, CONTENT)
        VALUES (#{board_id}, #{user_id}, #{content})
    </insert>

    <delete id="delete">
        DELETE
        FROM BOARDCOMMENT
        WHERE ID = #{id}
    </delete>

    <update id="addCommentCount" parameterType="int">
        <![CDATA[
        UPDATE BOARD
        SET COMMENT_COUNT = COMMENT_COUNT + 1
        WHERE BOARD_ID = #{boardId}
        ]]>
    </update>

    <update id="minusCommentCount" parameterType="int">
        <![CDATA[
        UPDATE BOARD
        SET COMMENT_COUNT = COMMENT_COUNT - 1
        WHERE BOARD_ID = #{boardId}
        ]]>
    </update>

    <select id="getCommentCount" parameterType="int" resultType="int">
        <!--  CDATA : SQL Query 안의 특수문자가 tag로 인식되지 않도록 처리  -->
        <![CDATA[
        SELECT COMMENT_COUNT
        FROM BOARD
        WHERE BOARD_ID = #{boardId}
        ]]>
    </select>
</mapper>