<?xml version="1.0" encoding="UTF-8"?>
<!DOCTYPE mapper
        PUBLIC "-//mybatis.org/DTD Mapper 3.0//EN"
        "http://mybatis.org/dtd/mybatis-3-mapper.dtd" >
<mapper namespace="example.MyBoard">
    <select id="selectAllBoard" resultType="Board">
        <!--  CDATA : SQL Query 안의 특수문자가 tag로 인식되지 않도록 처리  -->
        <![CDATA[
        SELECT BOARD_ID, TITLE, CONTENT, USER_ID, M.MEMBER_NAME AS USER_NAME, CREATED_AT, LIKE_COUNT, VIEW_COUNT, COMMENT_COUNT
        FROM BOARD B
        LEFT JOIN MEMBERTBL M
        ON B.USER_ID = M.MEMBER_ID
        ORDER BY BOARD_ID DESC
        ]]>
    </select>

    <select id="searchBoards" parameterType="map" resultType="Board">
        <!--  CDATA : SQL Query 안의 특수문자가 tag로 인식되지 않도록 처리  -->
        <![CDATA[
        SELECT BOARD_ID, TITLE, CONTENT, USER_ID, M.MEMBER_NAME AS USER_NAME, CREATED_AT, LIKE_COUNT, VIEW_COUNT, COMMENT_COUNT
        FROM BOARD B
        LEFT JOIN MEMBERTBL M
        ON B.USER_ID = M.MEMBER_ID
        WHERE TITLE LIKE #{keyword} OR CONTENT LIKE #{keyword}
        ORDER BY BOARD_ID DESC
        ]]>
    </select>

    <select id="getBoardDetail" parameterType="int" resultType="Board">
        <!--  CDATA : SQL Query 안의 특수문자가 tag로 인식되지 않도록 처리  -->
        <![CDATA[
        SELECT BOARD_ID, TITLE, CONTENT, USER_ID, M.MEMBER_NAME AS USER_NAME, CREATED_AT, LIKE_COUNT, VIEW_COUNT, COMMENT_COUNT
        FROM BOARD B
        LEFT JOIN MEMBERTBL M
        ON B.USER_ID = M.MEMBER_ID
        WHERE BOARD_ID = #{id}
        ]]>
    </select>

    <insert id="insert">
        <![CDATA[
        INSERT INTO BOARD(TITLE, CONTENT, USER_ID)
        VALUES (#{title}, #{content}, #{user_id})
        ]]>
    </insert>

    <update id="update">
        <![CDATA[
        UPDATE BOARD
        SET TITLE  = #{title},
            CONTENT  = #{content}
        WHERE BOARD_ID = #{board_id}
        ]]>
    </update>

    <update id="updateViewCount" parameterType="int">
        <![CDATA[
        UPDATE BOARD
        SET VIEW_COUNT = VIEW_COUNT + 1
        WHERE BOARD_ID = #{boardId}
        ]]>
    </update>

    <delete id="delete">
        DELETE
        FROM BOARD
        WHERE BOARD_ID = #{id}
    </delete>
</mapper>