<?xml version="1.0" encoding="UTF-8"?>
<!DOCTYPE mapper
        PUBLIC "-//mybatis.org/DTD Mapper 3.0//EN"
        "http://mybatis.org/dtd/mybatis-3-mapper.dtd" >
<mapper namespace="example.MyBook">
    <select id="selectByTitleKeyword" parameterType="map" resultType="Book">
        <!--  CDATA : SQL Query 안의 특수문자가 tag로 인식되지 않도록 처리  -->
        <![CDATA[
        SELECT BISBN, BTITLE, BPRICE, BAUTHOR
        FROM BOOK
        WHERE BTITLE LIKE #{keyword} AND BPRICE < #{price}
        ORDER BY BISBN
        ]]>
    </select>

    <select id="getBookDetail" parameterType="string" resultType="Book">
        <!--  CDATA : SQL Query 안의 특수문자가 tag로 인식되지 않도록 처리  -->
        <![CDATA[
        SELECT *
        FROM BOOK
        WHERE BISBN = #{id}
        ]]>
    </select>
    <insert id="insert">
        <![CDATA[
        INSERT INTO BOOK(BISBN, BTITLE, BPRICE, BAUTHOR)
        VALUES (#{bisbn}, #{btitle}, #{bprice}, #{bauthor})
        ]]>
    </insert>

    <update id="update">
        <![CDATA[
        UPDATE BOOK
        SET BTITLE  = #{btitle},
            BPRICE  = #{bprice},
            BAUTHOR = #{bauthor}
        WHERE BISBN = #{bisbn}
        ]]>
    </update>

    <delete id="delete">
        DELETE
        FROM BOOK
        WHERE BISBN = #{isbn}
    </delete>
</mapper>