<?xml version="1.0" encoding="UTF-8"?>
<!DOCTYPE mapper
        PUBLIC "-//mybatis.org/DTD Mapper 3.0//EN"
        "http://mybatis.org/dtd/mybatis-3-mapper.dtd" >
<mapper namespace="example.MyLike">
<!--    <select id="selectAllBoard" resultType="Board">-->
<!--        &lt;!&ndash;  CDATA : SQL Query 안의 특수문자가 tag로 인식되지 않도록 처리  &ndash;&gt;-->
<!--        <![CDATA[-->
<!--        SELECT BOARD_ID, TITLE, CONTENT, USER_ID, CREATED_AT, LIKE_COUNT, VIEW_COUNT, COMMENT_COUNT-->
<!--        FROM BOARD-->
<!--        ORDER BY BOARD_ID DESC-->
<!--        ]]>-->
<!--    </select>-->

    <select id="isUserLiked" parameterType="map" resultType="Like">
        <!--  CDATA : SQL Query 안의 특수문자가 tag로 인식되지 않도록 처리  -->
        <![CDATA[
        SELECT *
        FROM LIKES
        WHERE BOARD_ID = #{boardId} AND USER_ID = #{userId}
        ]]>
    </select>

    <insert id="insert">
        <![CDATA[
        INSERT INTO LIKES(BOARD_ID, USER_ID)
        VALUES (#{boardId}, #{userId})
        ]]>
    </insert>

    <delete id="delete">
        DELETE
        FROM LIKES
        WHERE BOARD_ID = #{boardId} AND USER_ID = #{userId}
    </delete>

    <update id="addLikeCount" parameterType="int">
        <![CDATA[
        UPDATE BOARD
        SET LIKE_COUNT = LIKE_COUNT + 1
        WHERE BOARD_ID = #{boardId}
        ]]>
    </update>

    <update id="minusLikeCount" parameterType="int">
        <![CDATA[
        UPDATE BOARD
        SET LIKE_COUNT = LIKE_COUNT - 1
        WHERE BOARD_ID = #{boardId}
        ]]>
    </update>

    <select id="getLikeCount" parameterType="int" resultType="int">
        <!--  CDATA : SQL Query 안의 특수문자가 tag로 인식되지 않도록 처리  -->
        <![CDATA[
        SELECT LIKE_COUNT
        FROM BOARD
        WHERE BOARD_ID = #{boardId}
        ]]>
    </select>

</mapper>