<?xml version="1.0" encoding="UTF-8"?>
<!DOCTYPE mapper
        PUBLIC "-//mybatis.org/DTD Mapper 3.0//EN"
        "http://mybatis.org/dtd/mybatis-3-mapper.dtd" >
<mapper namespace="example.MyBoard">
    <select id="selectAllBoard" resultType="Board">
        <!--  CDATA : SQL Query 안의 특수문자가 tag로 인식되지 않도록 처리  -->
        <![CDATA[
        SELECT BOARD_ID, TITLE, CONTENT, USER_ID, CREATED_AT
        FROM BOARD
        ORDER BY BOARD_ID DESC
        ]]>
    </select>

    <select id="getBoardDetail" parameterType="int" resultType="Board">
        <!--  CDATA : SQL Query 안의 특수문자가 tag로 인식되지 않도록 처리  -->
        <![CDATA[
        SELECT *
        FROM BOARD
        WHERE BOARD_ID = #{id}
        ]]>
    </select>

    <insert id="insert">
        <![CDATA[
        INSERT INTO BOARD(TITLE, CONTENT, USER_ID)
        VALUES (#{title}, #{content}, #{user_id})
        ]]>
    </insert>

    <delete id="delete">
        DELETE
        FROM BOARD
        WHERE BOARD_ID = #{id}
    </delete>
</mapper>